keyword,count
computer science,425
political science,227
business,177
data science,176
law,153
world wide web,142
computer security,138
engineering,128
medicine,124
sociology,101
knowledge management,95
public relations,91
pathology,82
data sharing,81
psychology,81
internet privacy,77
alternative medicine,75
engineering ethics,63
operating system,63
artificial intelligence,60
physics,59
philosophy,56
database,53
mathematics,50
biology,45
library science,44
social science,42
programming language,41
geography,39
open_science,39
economics,39
marketing,38
data management,38
context (archaeology),38
open data,36
data mining,34
information privacy,32
finance,30
publishing,29
corporate governance,29
astronomy,29
linguistics,28
engineering management,28
statistics,28
key (lock),27
process (computing),26
epistemology,26
data protection act 1998,26
big data,26
data quality,25
archaeology,25
art,25
the internet,25
health care,25
government (linguistics),24
nursing,24
cloud computing,24
work (physics),23
process management,23
information retrieval,23
computer network,23
metadata,23
machine learning,22
software,22
digital library,22
interoperability,22
metric (unit),21
data collection,21
service (business),21
social psychology,20
economic growth,20
software engineering,20
data security,19
transparency (behavior),19
data governance,19
quantum mechanics,19
public health,19
information system,19
mechanical engineering,19
chemistry,18
quality (philosophy),18
confidentiality,18
mathematics education,18
best practice,18
information security,18
perspective (graphical),18
data curation,17
field (mathematics),16
politics,16
pedagogy,16
research ethics,16
paleontology,16
open research,16
medical education,16
management science,16
research data,16
digital transformation,16
qualitative research,15
scholarly communication,15
data access,15
medline,15
value (mathematics),15
population,14
public administration,14
blockchain,14
resource (disambiguation),13
literature,13
risk analysis (engineering),13
citation,13
poetry,12
pure mathematics,12
cryptography,12
higher education,12
ecology,12
intellectual property,12
history,11
authentication (law),11
encryption,11
set (abstract data type),10
regional science,10
operations management,10
systematic review,10
state (computer science),10
data integrity,10
environmental health,10
china,10
algorithm,10
accounting,10
environmental science,10
information technology,9
protocol (science),9
bibliometrics,9
social media,9
biochemistry,9
european union,9
mathematical analysis,8
transformative learning,8
identification (biology),8
visual arts,8
disease,8
electrical engineering,8
plan (archaeology),8
face (sociological concept),8
national security,8
variety (cybernetics),8
workflow,8
systems engineering,8
law and economics,8
digital preservation,8
documentation,8
scalability,8
research integrity,8
audit,8
sample (material),8
data integration,7
chromatography,7
international trade,7
publication,7
vulnerability (computing),7
software deployment,7
access control,7
information and communications technology,7
gene,7
data breach,7
risk management,7
qualitative property,7
relevance (law),7
coronavirus disease 2019 (covid-19),7
applied psychology,7
commons,7
infectious disease (medical specialty),7
scholarship,7
rdm,7
management,7
botany,7
thematic analysis,7
psychiatry,7
human–computer interaction,7
psychological intervention,7
humanities,7
generative grammar,7
order (exchange),7
citizen science,7
accountability,7
descriptive statistics,7
curriculum,6
usability,6
credibility,6
science policy,6
scale (ratio),6
multimedia,6
power (physics),6
geopolitics,6
scopus,6
internal medicine,6
media studies,6
citation analysis,6
cartography,6
stakeholder,6
domain (mathematical analysis),6
reliability (semiconductor),6
agency (philosophy),6
peer review,6
telecommunications,6
environmental resource management,6
personally identifiable information,6
neuroscience,6
control (management),6
information science,6
task (project management),6
emerging technologies,6
psychotherapist,6
anonymity,6
empirical research,6
cloud computing security,6
analytics,6
scientometrics,6
health informatics,5
open government,5
european research area,5
geometry,5
acoustics,5
health data,5
criminology,5
identity (music),5
knowledge sharing,5
certification,5
aesthetics,5
sustainable development,5
digital forensics,5
cybercrime,5
enforcement,5
presentation (obstetrics),5
embedded system,5
academic integrity,5
property (philosophy),5
family medicine,5
digital signature,5
service provider,5
inclusion (mineral),5
originality,5
general partnership,5
ukrainian,5
information governance,5
trustworthiness,5
data modeling,5
sustainability,5
safeguarding,5
code (set theory),5
image (mathematics),5
component (thermodynamics),4
demography,4
reproducibility,4
information access,4
information sharing,4
operations research,4
scientific integrity,4
incentive,4
mental health,4
knowledge integration,4
password,4
human resource management,4
personalization,4
genetics,4
survey data collection,4
mandate,4
scrutiny,4
open source,4
source code,4
equity (law),4
telemedicine,4
information literacy,4
compliance (psychology),4
flexibility (engineering),4
wearable technology,4
resilience (materials science),4
reputation,4
science education,4
digital humanities,4
function (biology),4
web development,4
digital evidence,4
natural language processing,4
descriptive research,4
linked data,4
semantic web,4
information management,4
virology,4
management information systems,4
wearable computer,4
microeconomics,4
general data protection regulation,4
artificial neural network,4
sociology of scientific knowledge,4
focus (optics),4
digital health,4
distributed computing,4
openness to experience,4
data exchange,4
perception,3
identifier,3
developing country,3
digital literacy,3
public engagement,3
automation,3
recommender system,3
health services research,3
information ethics,3
topic model,3
architecture,3
scientific progress,3
construct (python library),3
management system,3
agriculture,3
diversity (politics),3
project commissioning,3
outsourcing,3
measure (data warehouse),3
cryptographic protocol,3
cryptocurrency,3
physical therapy,3
framing (construction),3
information dissemination,3
global health,3
electronic publishing,3
literacy,3
responsible research and innovation,3
environmental ethics,3
astrophysics,3
science communication,3
ethical code,3
space (punctuation),3
aerospace engineering,3
event (particle physics),3
argument (complex analysis),3
data anonymization,3
database transaction,3
2019-20 coronavirus outbreak,3
current (fluid),3
competence (human resources),3
meta data services,3
metadata repository,3
section (typography),3
cinahl,3
certificate,3
telerehabilitation,3
rehabilitation,3
telehealth,3
securitization,3
identity theft,3
reusability,3
private sector,3
web application,3
cyberinfrastructure,3
scientific misconduct,3
philosophy of science,3
developmental psychology,3
ethical issues,3
ethical standards,3
payment,3
financial services,3
implementation,3
premise,3
application programming interface,3
evolutionary biology,3
rigour,3
terminology,3
nist,3
psychological resilience,3
severe acute respiratory syndrome coronavirus 2 (sars-cov-2),3
outbreak,3
promotion (chess),3
law enforcement,3
computer forensics,3
mobile device,3
organic chemistry,3
business model,3
information repository,3
foundation (evidence),3
radiology,3
ransomware,3
knowledge production,3
biometrics,3
raw data,3
democracy,3
action (physics),3
library management,3
blueprint,3
digitization,3
public sector,3
sociotechnical system,3
health records,3
search engine indexing,3
exploit,3
taxonomy (biology),3
environmental economics,3
legal aspects of computing,3
sanctions,3
digital media,3
status quo,3
traceability,3
macroeconomics,3
mhealth,3
critical infrastructure,3
discourse analysis,3
public policy,3
public interest,3
ontology,3
digital revolution,2
elixir (programming language),2
data publishing,2
industry 4.0,2
position paper,2
relation (database),2
internationalization,2
competition (biology),2
computational biology,2
genomics,2
genome,2
population health,2
association (psychology),2
digital content,2
pixel,2
focus group,2
capability maturity model,2
digital identity,2
intensive care medicine,2
transmission (telecommunications),2
web of science,2
benchmarking,2
deep learning,2
digital data,2
transformation (genetics),2
reflection (computer programming),2
foreign policy,2
ehealth,2
viewpoints,2
production (economics),2
commerce,2
communication,2
conversation,2
masking (illustration),2
knowledge-based systems,2
futures studies,2
empirical evidence,2
phase (matter),2
genetic data,2
security service,2
privacy policy,2
cognitive science,2
malware,2
autonomy,2
discipline,2
records management,2
enthusiasm,2
theme (computing),2
academic writing,2
situated,2
economic policy,2
immutability,2
salient,2
procurement,2
content analysis,2
econometrics,2
exhibition,2
quantum,2
internet of things,2
language change,2
geology,2
web application security,2
semantic interoperability,2
rdf,2
sandbox (software development),2
fair_data use,2
web intelligence,2
harm,2
anthropology,2
applications of artificial intelligence,2
data management plan,2
query expansion,2
natural language,2
schema (genetic algorithms),2
web search query,2
index (typography),2
optics,2
point (geometry),2
library classification,2
accreditation,2
phishing,2
thematic map,2
microdata (statistics),2
productivity,2
information overload,2
differential privacy,2
russian federation,2
public access,2
document management system,2
cyberspace,2
neuroinformatics,2
vulnerability assessment,2
mode (computer interface),2
scientific literature,2
institution,2
secret sharing,2
stewardship (theology),2
graduation (instrument),2
data retention,2
intervention (counseling),2
modular design,2
structural equation modeling,2
software development,2
financial market,2
digital currency,2
fintech,2
currency,2
generalizability theory,2
distributed ledger,2
scientific evidence,2
harmonization,2
advertising,2
narrative,2
robustness (evolution),2
pandemic,2
cultural heritage,2
mechanism (biology),2
political economy,2
transport engineering,2
thermodynamics,2
realm,2
actuarial science,2
subject (documents),2
resource management (computing),2
digital asset management,2
physical medicine and rehabilitation,2
bridging (networking),2
geospatial metadata,2
great rift,2
german,2
financial integration,2
financial regulation,2
financial innovation,2
it risk management,2
visualization,2
transaction data,2
balance (ability),2
white (mutation),2
neuroimaging,2
scientific enterprise,2
psychosocial,2
psycinfo,2
environmental planning,2
international relations,2
security policy,2
popularity,2
phenomenon,2
period (music),2
scheme (mathematics),2
verifiable secret sharing,2
benchmark (surveying),2
conflict of interest,2
meta-analysis,2
white paper,2
biobank,2
european integration,2
grounded theory,2
access to information,2
group (periodic table),2
economic justice,2
data extraction,2
element (criminal law),2
open society,2
computer vision,2
scientific communication,2
deep web,2
exploratory research,2
dimension (graph theory),2
cheating,2
critical security studies,2
bridge (graph theory),2
meteorology,2
training (meteorology),2
discoverability,2
risk assessment,2
conceptual model,2
information sensitivity,2
conceptual framework,2
cloud storage,2
global commons,2
usable,2
trusted computing,2
critical literacy,2
frontier,2
declaration,2
technology management,2
knowledge engineering,2
shared resource,2
fragmentation (computing),2
survey research,2
educational technology,2
hash function,2
social network analysis,2
financial crisis,2
legislation,2
signature (topology),2
term (time),2
search engine,2
chain (unit),2
agile software development,2
supercomputer,2
scope (computer science),2
agronomy,2
cross-sectional study,2
homomorphic encryption,2
"science, technology, society and environment education",2
low and middle income countries,2
grid,2
e-science,2
participant observation,2
server,2
leverage (statistics),2
computer literacy,2
sovereignty,2
security studies,2
law library,2
scripting language,2
backup,2
pharmacology,2
normative,2
waste management,2
metadata management,2
reuse,2
controller (irrigation),2
bayesian network,2
core (optical fiber),2
service-oriented architecture,1
healthcare system,1
social research,1
affect (linguistics),1
threat model,1
credential,1
intercultural communication,1
christian ministry,1
teacher education,1
retail banking,1
payment service provider,1
disruptive innovation,1
mobile banking,1
digital economy,1
financial instrument,1
virtual currency,1
industrial organization,1
commodity,1
hrhis,1
health policy,1
administration (probate law),1
impact factor,1
stratification (seeds),1
germination,1
tacit knowledge,1
grey literature,1
project governance,1
clinical governance,1
position (finance),1
authoritarianism,1
virtual machine,1
commercial law,1
public finance,1
schwarzschild radius,1
global population,1
support vector machine,1
structural engineering,1
human genetics,1
metabolic disease,1
genome biology,1
endocrinology,1
visual impairment,1
excellence,1
facilitator,1
likert scale,1
stakeholder engagement,1
international economics,1
lernaean hydra,1
volume (thermodynamics),1
classics,1
systematic sampling,1
detector,1
english language,1
ecosystem,1
upload,1
join (topology),1
combinatorics,1
reflexivity,1
network security policy,1
durability,1
materiality (auditing),1
information technology infrastructure library,1
financial management for it services,1
it service management,1
security information and event management,1
public discourse,1
gradient boosting,1
boosting (machine learning),1
random forest,1
online machine learning,1
probabilistic logic,1
regression,1
linear regression,1
replication (statistics),1
dialog box,1
normative social influence,1
romanian,1
pharmaceutical sciences,1
dormancy,1
seed dormancy,1
nonprobability sampling,1
sampling (signal processing),1
information exchange,1
cover crop,1
agricultural productivity,1
agroforestry,1
cornerstone,1
breakout,1
human intelligence,1
competitive intelligence,1
graph,1
theoretical computer science,1
drug resistance,1
hiv drug resistance,1
drug,1
antiretroviral drug,1
human immunodeficiency virus (hiv),1
viral load,1
standardization,1
information seeking,1
citizenship,1
latent dirichlet allocation,1
rules of engagement,1
public disclosure,1
hazardous waste,1
electronic data capture,1
cryptographic hash function,1
nice,1
workforce,1
translation (biology),1
messenger rna,1
behavioural sciences,1
theory of planned behavior,1
cluster analysis,1
public trust,1
misconduct,1
philosophy of medicine,1
medical law,1
multidimensional analysis,1
information integration,1
petabyte,1
terabyte,1
collaborative governance,1
human resources,1
public service,1
flemish,1
content validity,1
nursing research,1
construct validity,1
antiretroviral therapy,1
biosecurity,1
biodefense,1
information protection policy,1
the conceptual framework,1
hacker,1
coping (psychology),1
psychometrics,1
clinical psychology,1
human research,1
common rule,1
territorial integrity,1
personal integrity,1
bioethics,1
ethics committee,1
food security,1
penetration (warfare),1
aerospace,1
engineering education,1
relocation,1
european studies,1
interdependence,1
sign language,1
sign (mathematics),1
guideline,1
sports medicine,1
realisation,1
open educational resources,1
shadow (psychology),1
operationalization,1
health administration,1
validity,1
patient satisfaction,1
weaving,1
traffic flow (computer networking),1
international security,1
global governance,1
human security,1
cold war,1
patient safety,1
health literacy,1
feeling,1
warrant,1
developmental science,1
parliament,1
compromise,1
privacy protection,1
investment strategy,1
market liquidity,1
completeness (order theory),1
multitude,1
mobile phone,1
bluetooth,1
phone,1
android (operating system),1
wireless,1
health psychology,1
botnet,1
scientific discovery,1
file system,1
paradigm shift,1
distributed data store,1
pedestrian,1
movement (music),1
hierarchy,1
turkish,1
gerontology,1
closing (real estate),1
tourism,1
hospitality,1
web analytics,1
visitor pattern,1
business analytics,1
business analysis,1
trace (psycholinguistics),1
extant taxon,1
discretion,1
selection (genetic algorithm),1
bb84,1
hegemony,1
reliability engineering,1
arctic,1
the arctic,1
oceanography,1
financial system,1
block (permutation group theory),1
pollinator,1
pollination,1
pollen,1
screen time,1
keystroke logging,1
display size,1
display device,1
obesity,1
cohesion (chemistry),1
quantum cryptography,1
quantum information,1
variation (astronomy),1
dspace,1
upgrade,1
study abroad,1
possession (linguistics),1
open innovation,1
sustainable transport,1
crisis management,1
remote sensing,1
applied linguistics,1
international law,1
legal action,1
dispute resolution,1
mental healthcare,1
mental health care,1
educational institution,1
health promotion,1
health equity,1
participatory action research,1
consumer privacy,1
web page,1
dash,1
child health,1
human development (humanity),1
bit (key),1
compendium,1
corporation,1
categorical imperative,1
translational research,1
differential (mechanical device),1
internet users,1
geoinformatics,1
funding agency,1
policy analysis,1
federal state,1
sociality,1
artificial nutrition,1
parenteral nutrition,1
census,1
performance indicator,1
supply chain,1
personality,1
liability,1
joint (building),1
secure coding,1
test (biology),1
software security assurance,1
community-based participatory research,1
scarcity,1
upstream (networking),1
nomological network,1
social software engineering,1
software construction,1
metaverse,1
data discovery,1
interoperation,1
freedom of information,1
profiling (computer programming),1
digital ecosystem,1
end user,1
netnography,1
intrusiveness,1
public institution,1
jurisdiction,1
cognitive psychology,1
hindsight bias,1
phenomenology (philosophy),1
far side of the moon,1
artifact (error),1
conceptualization,1
symphony,1
path (computing),1
reciprocity (cultural anthropology),1
architectural engineering,1
software evolution,1
communications protocol,1
transport layer security,1
asset (computer security),1
indonesian,1
data visualization,1
security awareness,1
financial transaction,1
global financial system,1
capital market,1
capital (architecture),1
consolidation (business),1
emerging markets,1
loan,1
financial capital,1
ranking (information retrieval),1
randomized controlled trial,1
clinical trial,1
research design,1
surgery,1
plug-in,1
checklist,1
acknowledgement,1
self,1
nous,1
contemporary society,1
skepticism,1
devops,1
contest,1
nuclear weapon,1
nuclear proliferation,1
security management,1
baseline (sea),1
physical security,1
security controls,1
professional association,1
risk management framework,1
testbed,1
software quality,1
the arts,1
embedding,1
digital watermarking,1
information hiding,1
computer graphics (images),1
categorical variable,1
financial sector,1
steganography,1
digital image,1
least significant bit,1
feature (linguistics),1
helmholtz free energy,1
risk society,1
psychological science,1
critical reflection,1
body of knowledge,1
image processing,1
extraction (chemistry),1
network packet,1
damages,1
harassment,1
session (web analytics),1
exploratory analysis,1
table (database),1
tipping point (physics),1
reading (process),1
anxiety,1
refugee,1
depression (economics),1
simple random sample,1
stratified sampling,1
strengths and weaknesses,1
image sharing,1
relay,1
license,1
inference,1
mit license,1
audience measurement,1
bibliographic coupling,1
centrality,1
network analysis,1
network science,1
visibility,1
science citation index,1
knowledge economy,1
collaborative network,1
scientific field,1
layperson,1
co-citation,1
information infrastructure,1
e-governance,1
digital reference,1
collection development,1
design science,1
sustainability science,1
humanity,1
commission,1
disaster recovery,1
business continuity,1
information security management,1
metabolomics,1
codebase,1
bioinformatics,1
constraint (computer-aided design),1
pillar,1
data recovery,1
natural disaster,1
emergency management,1
certified information security manager,1
electronic records,1
medical record,1
electronic data,1
electronic signature,1
data file,1
islam,1
primer (cosmetics),1
network theory,1
bibliographic database,1
knowledge organization,1
information revolution,1
economy,1
outreach,1
audit trail,1
python (programming language),1
tracing,1
social media optimization,1
social media analytics,1
content (measure theory),1
dicom,1
peak signal-to-noise ratio,1
medical imaging,1
entropy (arrow of time),1
picture archiving and communication system,1
cryptosystem,1
clarity,1
cyberwarfare,1
cyber threats,1
cyber-attack,1
information assurance,1
cyber crime,1
dissemination,1
cultural artifact,1
new media,1
online and offline,1
digital imaging,1
cultural studies,1
digital culture,1
cross-sectional data,1
academic library,1
statistical analysis,1
doors,1
ancient history,1
socioeconomics,1
open knowledge base connectivity,1
knowledge extraction,1
knowledge graph,1
knowledge representation and reasoning,1
ontology engineering,1
sparql,1
domain knowledge,1
deviance (statistics),1
cyber space,1
provenance,1
petrology,1
zoom,1
new horizons,1
representation (politics),1
opposition (politics),1
freedom of movement,1
aeronautics,1
information technology audit,1
vendor,1
audit plan,1
incident management,1
internal audit,1
portfolio,1
management control system,1
attribution,1
face value,1
collective intelligence,1
variance (accounting),1
west bengal,1
bengal,1
creativity,1
autoethnography,1
societal impact of nanotechnology,1
materials science,1
nanotechnology,1
altmetrics,1
geospatial analysis,1
download,1
security analysis,1
ethical leadership,1
stem cell,1
data protection directive,1
intermediary,1
institutional review board,1
academic freedom,1
nationalism,1
mainstream,1
overhead (engineering),1
external data representation,1
sophistication,1
question answering,1
document retrieval,1
user interface,1
natural language user interface,1
thesaurus,1
data retrieval,1
named-entity recognition,1
interface (matter),1
word (group theory),1
user modeling,1
human–computer information retrieval,1
bay,1
query language,1
query optimization,1
tracking (education),1
semantic heterogeneity,1
distributed database,1
rdf query language,1
semantic search,1
metadata modeling,1
distributed computing environment,1
sargable,1
web query classification,1
electronic mail,1
medical ethics,1
novelty,1
alliance,1
peer-to-peer,1
protected health information,1
data analysis,1
ledger,1
scientific publishing,1
honesty,1
dignity,1
facility management,1
data archive,1
network forensics,1
privacy law,1
common law,1
criminal investigation,1
troubleshooting,1
creative visualization,1
stalemate,1
semantics (computer science),1
systems design,1
product (mathematics),1
raising (metalworking),1
data presentation,1
payload (computing),1
adversary,1
dependability,1
situation awareness,1
near-earth object,1
telescope,1
adversarial system,1
attack patterns,1
data validation,1
convergence (economics),1
health communication,1
tone (literature),1
security token,1
trusted third party,1
tamper resistance,1
cryptographic primitive,1
educational resources,1
inefficiency,1
intelligent agent,1
work in process,1
open domain,1
data center,1
center (category theory),1
digital archives,1
research center,1
data set,1
systems management,1
system integration,1
intersection (aeronautics),1
data model (gis),1
rural area,1
electronic library,1
digital society,1
digital divide,1
technological literacy,1
electronic learning,1
sql injection,1
sql,1
redundancy (engineering),1
data redundancy,1
query by example,1
deliverable,1
grading (engineering),1
plagiarism detection,1
bounded rationality,1
evolutionary economics,1
flag (linear algebra),1
knowledge base,1
base (topology),1
undergraduate education,1
university education,1
e learning,1
distance education,1
public university,1
depiction,1
experiential learning,1
legal research,1
jurisprudence,1
legal science,1
national library,1
webometrics,1
web service,1
identity management,1
delegation,1
maturity (psychological),1
biometric data,1
keystroke dynamics,1
academic dishonesty,1
dishonesty,1
dynamics (music),1
s/key,1
commodification,1
networked learning,1
game theory,1
evolutionary game theory,1
imitation,1
evolutionary dynamics,1
quartile,1
confidence interval,1
force majeure,1
learning object,1
object (grammar),1
heuristic,1
knowledge acquisition,1
earth observation,1
impartiality,1
secrecy,1
earth system science,1
natural (archaeology),1
data as a service,1
economic shortage,1
legal profession,1
credit card fraud,1
credit card,1
credit risk,1
credit card interest,1
credit history,1
credit reference,1
group signature,1
public-key cryptography,1
honor,1
pleasure,1
dual (grammatical number),1
property rights,1
good governance,1
demographic economics,1
darwinism,1
modern evolutionary synthesis,1
art history,1
middleware (distributed applications),1
intrusion detection system,1
suite,1
data element,1
consistency (knowledge bases),1
data dictionary,1
agricultural science,1
public health surveillance,1
health surveillance,1
oak ridge national laboratory,1
ridge,1
nuclear physics,1
heuristics,1
sensitivity (control systems),1
electronic engineering,1
parallel computing,1
social responsibility,1
forge,1
star (game theory),1
astrobiology,1
forging,1
computer-assisted web interviewing,1
open_access publishing,1
advanced manufacturing,1
automotive industry,1
smart grid,1
manufacturing engineering,1
cyber-physical system,1
digital manufacturing,1
manufacturing,1
developed country,1
sustainable growth rate,1
mobile payment,1
banking industry,1
financial risk,1
smart manufacturing,1
reference model,1
stack (abstract data type),1
open source software,1
open education,1
software bug,1
geodesy,1
action research,1
project-based learning,1
advice (programming),1
password policy,1
one-time password,1
mobile technology,1
firewall (physics),1
accretion (finance),1
sentence,1
semantic similarity,1
computer data storage,1
data structure,1
storage model,1
persistent data structure,1
data type,1
data warehouse,1
orchestration,1
enhanced data rates for gsm evolution,1
limiting,1
edge computing,1
comparative research,1
charged black hole,1
nexus (standard),1
biomedical technology,1
automatic summarization,1
similarity (geometry),1
cultural identity,1
computer-mediated communication,1
professional development,1
technology integration,1
teaching method,1
traditional medicine,1
recipe,1
european commission,1
data mapping,1
population ageing,1
teleradiology,1
